{
    "planets": [
        {
            "id": "0",
            "rx": 0.0,
            "ry": 0.0,
            "vx": 0.0,
            "vy": 0.0,
            "mass": 1.988544E+30,
            "radius": 695508.0
        },
        {
            "id": "3",
            "rx": -1.490409136112163E+08,
            "ry": -8.735738899199296E+06,
            "vx": 1.461781681853353E+00,
            "vy": -2.982585329264969E+01,
            "mass": 5.97219E+24,
            "radius": 6378.14
        },
        {
            "id": "4",
            "rx": 1.701055012653778E+07,
            "ry": 2.337097695725929E+08,
            "vx": -2.326213461339167E+01,
            "vy": 3.850125814663734E+00,
            "mass": 6.4171E+23,
            "radius": 3389.92
        }
    ],
    "voyager1": {
        "id": "-1",
        "angle": 0,
        "speed": 14.524306055873924752496961703009,
        "weight": 2e5
    },
    "deltaT": 30,
    "fpd": 30,
    "days": 1850
}